學生名字,學號
學生_1,SN1001
學生_2,SN1002
學生_3,SN1003
學生_4,SN1004
學生_5,SN1005
學生_6,SN1006
學生_7,SN1007
學生_8,SN1008
學生_9,SN1009
學生_10,SN1010
學生_11,SN1011
學生_12,SN1012
學生_13,SN1013
學生_14,SN1014
學生_15,SN1015
學生_16,SN1016
學生_17,SN1017
學生_18,SN1018
學生_19,SN1019
學生_20,SN1020
學生_21,SN1021
學生_22,SN1022
學生_23,SN1023
學生_24,SN1024
學生_25,SN1025
學生_26,SN1026
學生_27,SN1027
學生_28,SN1028
學生_29,SN1029
學生_30,SN1030
學生_31,SN1031
學生_32,SN1032
學生_33,SN1033
學生_34,SN1034
學生_35,SN1035
學生_36,SN1036
學生_37,SN1037
學生_38,SN1038
學生_39,SN1039
學生_40,SN1040
學生_41,SN1041
學生_42,SN1042
學生_43,SN1043
學生_44,SN1044
學生_45,SN1045
學生_46,SN1046
學生_47,SN1047
學生_48,SN1048
學生_49,SN1049
學生_50,SN1050
